Time,Seconds,Frequency,Intensity,Duty_Cycle,Red,Green,Blue,Phase,Change
00:01.0,1,0,0,0,0,0,0,0,1
00:02.0,2,0,0,0,0,0,0,0,0
00:03.0,3,0,0,0,0,0,0,0,0
00:04.0,4,0,0,0,0,0,0,0,0
00:05.0,5,0,0,0,0,0,0,0,0
00:06.0,6,0,0,0,0,0,0,0,0
00:07.0,7,0,0,0,0,0,0,0,0
00:08.0,8,0,0,0,0,0,0,0,0
00:09.0,9,0,0,0,0,0,0,0,0
00:10.0,10,0,0,0,0,0,0,0,0
00:11.0,11,0,0,0,0,0,0,0,0
00:12.0,12,0,0,0,0,0,0,0,0
00:13.0,13,0,0,0,0,0,0,0,0
00:14.0,14,0,0,0,0,0,0,0,0
00:15.0,15,0,0,0,0,0,0,0,0
00:16.0,16,0,0,0,0,0,0,0,0
00:17.0,17,0,0,0,0,0,0,0,0
00:18.0,18,0,0,0,0,0,0,0,0
00:19.0,19,0,0,0,0,0,0,0,0
00:20.0,20,0,0,0,0,0,0,0,0
00:21.0,21,0,0,0,0,0,0,0,0
00:22.0,22,0,0,0,0,0,0,0,0
00:23.0,23,0,0,0,0,0,0,0,0
00:24.0,24,0,0,0,0,0,0,0,0
00:25.0,25,0,0,0,0,0,0,0,0
00:26.0,26,0,0,0,0,0,0,0,0
00:27.0,27,0,0,0,0,0,0,0,0
00:28.0,28,0,0,0,0,0,0,0,0
00:29.0,29,0,0,0,0,0,0,0,0
00:30.0,30,0,0,0,0,0,0,0,0
00:31.0,31,0,0,0,0,0,0,0,0
00:32.0,32,0,0,0,0,0,0,0,0
00:33.0,33,0,0,0,0,0,0,0,0
00:34.0,34,20,49,50%,3,3,3,0,1
00:35.0,35,20,49,50%,3,3,3,0,
00:36.0,36,20,49,50%,3,3,3,0,
00:37.0,37,20,49,50%,3,3,3,0,
00:38.0,38,20,49,50%,3,3,3,0,
00:39.0,39,20,49,50%,3,3,3,0,
00:40.0,40,20,49,50%,3,3,3,0,
00:41.0,41,20,49,50%,3,3,3,0,
00:42.0,42,20,49,50%,3,3,3,0,
00:43.0,43,20,49,50%,3,3,3,0,
00:44.0,44,20,49,50%,3,3,3,0,
00:45.0,45,20,49,50%,3,3,3,0,
00:46.0,46,20,49,50%,3,3,3,0,
00:47.0,47,20,49,50%,3,3,3,0,
00:48.0,48,20,49,50%,3,3,3,0,
00:49.0,49,20,49,50%,3,3,3,0,
00:50.0,50,20,49,50%,3,3,3,0,
00:51.0,51,0,0,0%,0,0,0,0,1
00:52.0,52,0,0,0%,0,0,0,0,0
00:53.0,53,0,0,0%,0,0,0,0,0
00:54.0,54,0,0,0%,0,0,0,0,0
00:55.0,55,0,0,0%,0,0,0,0,0
00:56.0,56,0,0,0%,0,0,0,0,0
00:57.0,57,0,0,0%,0,0,0,0,0
00:58.0,58,0,0,0%,0,0,0,0,0
00:59.0,59,0,0,0%,0,0,0,0,0
01:00.0,60,0,0,0%,0,0,0,0,0
01:01.0,61,0,0,0%,0,0,0,0,0
01:02.0,62,0,0,0%,0,0,0,0,0
01:03.0,63,0,0,0%,0,0,0,0,0
01:04.0,64,0,0,0%,0,0,0,0,0
01:05.0,65,0,0,0%,0,0,0,0,0
01:06.0,66,0,0,0%,0,0,0,0,0
01:07.0,67,0,0,0%,0,0,0,0,0
01:08.0,68,0,0,0%,0,0,0,0,0
01:09.0,69,0,0,0%,0,0,0,0,0
01:10.0,70,0,0,0%,0,0,0,0,0
01:11.0,71,0,0,0%,0,0,0,0,0
01:12.0,72,0,0,0%,0,0,0,0,0
01:13.0,73,0,0,0%,0,0,0,0,0
01:14.0,74,0,0,0%,0,0,0,0,0
01:15.0,75,0,0,0%,0,0,0,0,0
01:16.0,76,0,0,0%,0,0,0,0,0
01:17.0,77,0,0,0%,0,0,0,0,0
01:18.0,78,0,0,0%,0,0,0,0,0
01:19.0,79,0,0,0%,0,0,0,0,0
01:20.0,80,0,0,0%,0,0,0,0,0
01:21.0,81,0,0,0%,0,0,0,0,0
01:22.0,82,0,0,0%,0,0,0,0,0
01:23.0,83,0,0,0%,0,0,0,0,0
01:24.0,84,0,0,0%,0,0,0,0,0
01:25.0,85,0,0,0%,0,0,0,0,0
01:26.0,86,0,0,0%,0,0,0,0,0
01:27.0,87,0,0,0%,0,0,0,0,0
01:28.0,88,0,0,0%,0,0,0,0,0
01:29.0,89,0,0,0%,0,0,0,0,0
01:30.0,90,0,0,0%,0,0,0,0,0
01:31.0,91,0,0,0%,0,0,0,0,0
01:32.0,92,0,0,0%,0,0,0,0,0
01:33.0,93,0,0,0%,0,0,0,0,0
01:34.0,94,0,0,0,0,0,0,0,0
01:35.0,95,10,49,30%,3,3,3,1,1
01:36.0,96,10,49,30%,3,3,3,1,
01:37.0,97,10,49,30%,3,3,3,1,
01:38.0,98,10,49,30%,3,3,3,1,
01:39.0,99,10,49,30%,3,3,3,1,
01:40.0,100,10,49,30%,3,3,3,1,
01:41.0,101,10,49,30%,3,3,3,1,
01:42.0,102,10,49,30%,3,3,3,1,
01:43.0,103,10,49,30%,3,3,3,1,
01:44.0,104,10,49,30%,3,3,3,1,
01:45.0,105,0,0,0%,0,0,0,0,1
01:46.0,106,0,0,0%,0,0,0,0,0
01:47.0,107,0,0,0%,0,0,0,0,0
01:48.0,108,0,0,0%,0,0,0,0,0
01:49.0,109,0,0,0%,0,0,0,0,0
01:50.0,110,0,0,0%,0,0,0,0,0
01:51.0,111,0,0,0%,0,0,0,0,0
01:52.0,112,0,0,0%,0,0,0,0,0
01:53.0,113,0,0,0%,0,0,0,0,0
01:54.0,114,0,0,0%,0,0,0,0,0
01:55.0,115,0,0,0%,0,0,0,0,0
01:56.0,116,0,0,0%,0,0,0,0,0
01:57.0,117,0,0,0%,0,0,0,0,0
01:58.0,118,0,0,0%,0,0,0,0,0
01:59.0,119,0,0,0%,0,0,0,0,0
02:00.0,120,0,0,0%,0,0,0,0,0
02:01.0,121,0,0,0%,0,0,0,0,0
02:02.0,122,0,0,0%,0,0,0,0,0
02:03.0,123,0,0,0%,0,0,0,0,0
02:04.0,124,0,0,0%,0,0,0,0,0
02:05.0,125,0,0,0%,0,0,0,0,0
02:06.0,126,0,0,0%,0,0,0,0,0
02:07.0,127,0,0,0%,0,0,0,0,0
02:08.0,128,0,0,0%,0,0,0,0,0
02:09.0,129,8,49,50%,1,1,7,1,1
02:10.0,130,8,49,50%,7,0,0,1,1
02:11.0,131,8,49,50%,1,1,7,1,1
02:12.0,132,8,49,50%,7,0,0,1,1
02:13.0,133,8,49,50%,1,1,7,1,1
02:14.0,134,9,49,40%,7,0,0,1,1
02:15.0,135,9,49,40%,1,1,7,1,1
02:16.0,136,9,49,40%,7,0,0,1,1
02:17.0,137,9,49,40%,1,1,7,1,1
02:18.0,138,10,49,30%,7,0,0,1,1
02:19.0,139,10,49,30%,1,1,7,1,1
02:20.0,140,10,49,30%,7,0,0,1,1
02:21.0,141,10,49,30%,1,1,7,1,1
02:22.0,142,11,49,30%,7,0,0,1,1
02:23.0,143,11,49,30%,1,1,7,1,1
02:24.0,144,11,49,30%,7,0,0,1,1
02:25.0,145,11,49,30%,1,1,7,1,1
02:26.0,146,11,49,30%,1,7,1,0,1
02:27.0,147,11.5,49,30%,1,7,1,0,1
02:28.0,148,11.5,49,30%,1,7,1,0,
02:29.0,149,12,49,30%,1,7,1,0,1
02:30.0,150,12,49,30%,1,7,1,0,
02:31.0,151,12.5,49,30%,1,7,1,0,1
02:32.0,152,12.5,49,30%,1,7,1,0,
02:33.0,153,13,49,30%,1,7,1,0,1
02:34.0,154,13,49,30%,1,7,1,0,
02:35.0,155,13.5,49,30%,1,7,1,0,1
02:36.0,156,13.5,49,30%,1,7,1,0,
02:37.0,157,14,49,30%,1,7,1,0,1
02:38.0,158,14,49,30%,1,7,1,0,
02:39.0,159,14.5,49,30%,1,7,1,0,1
02:40.0,160,14.5,49,30%,1,7,1,0,
02:41.0,161,15,49,30%,1,7,1,0,1
02:42.0,162,15,49,30%,1,7,1,0,
02:43.0,163,15.5,49,30%,1,7,1,0,1
02:44.0,164,15.5,49,30%,1,7,1,0,
02:45.0,165,16,49,30%,1,7,1,0,1
02:46.0,166,16,49,30%,1,7,1,0,
02:47.0,167,16.5,49,30%,1,7,1,0,1
02:48.0,168,16.5,49,30%,1,7,1,0,
02:49.0,169,17,49,30%,1,7,1,0,1
02:50.0,170,17,49,30%,1,7,1,0,
02:51.0,171,17.5,49,30%,1,7,1,0,1
02:52.0,172,17.5,49,30%,1,7,1,0,
02:53.0,173,18,49,30%,1,7,1,0,1
02:54.0,174,18,49,30%,1,7,1,0,
02:55.0,175,18.5,49,30%,1,7,1,0,1
02:56.0,176,18.5,49,30%,1,7,1,0,
02:57.0,177,19,49,30%,1,7,1,0,1
02:58.0,178,19,49,30%,1,7,1,0,
02:59.0,179,19.5,49,30%,1,7,1,0,1
03:00.0,180,19.5,49,30%,1,7,1,0,
03:01.0,181,20,49,30%,1,7,1,0,1
03:02.0,182,20,49,30%,1,7,1,0,
03:03.0,183,20,49,30%,1,7,1,0,
03:04.0,184,20,49,30%,1,7,1,0,
03:05.0,185,20,49,30%,1,7,1,0,
03:06.0,186,20,49,30%,1,7,1,0,
03:07.0,187,20,49,30%,1,7,1,0,
03:08.0,188,20,49,30%,1,7,1,0,
03:09.0,189,20,49,30%,1,7,1,0,
03:10.0,190,20,49,30%,1,7,1,0,
03:11.0,191,20,49,30%,1,7,1,0,
03:12.0,192,20,49,30%,1,7,1,0,
03:13.0,193,20,49,30%,1,7,1,0,
03:14.0,194,20,49,30%,1,7,1,0,
03:15.0,195,20,49,30%,1,7,1,0,
03:16.0,196,20,49,30%,1,7,1,0,
03:17.0,197,20,49,30%,1,7,1,0,
03:18.0,198,20,49,30%,1,7,1,0,
03:19.0,199,20,49,30%,1,7,1,0,
03:20.0,200,20,49,30%,1,7,1,0,
03:21.0,201,20,49,30%,1,7,1,0,
03:22.0,202,20,49,30%,1,7,1,0,
03:23.0,203,20,49,30%,1,7,1,0,
03:24.0,204,20,49,30%,1,7,1,0,
03:25.0,205,20,49,30%,1,7,1,0,
03:26.0,206,20,49,30%,1,7,1,0,
03:27.0,207,19.5,49,30%,1,7,1,0,1
03:28.0,208,19.5,49,30%,1,7,1,0,
03:29.0,209,19.5,49,30%,1,7,1,0,
03:30.0,210,19.5,49,30%,1,7,1,0,
03:31.0,211,19.5,49,30%,1,7,1,0,
03:32.0,212,19,49,30%,1,7,1,0,1
03:33.0,213,19,49,30%,1,7,1,0,
03:34.0,214,19,49,30%,1,7,1,0,
03:35.0,215,19,49,30%,1,7,1,0,
03:36.0,216,19,49,30%,1,7,1,0,
03:37.0,217,19,49,30%,1,7,1,0,
03:38.0,218,19,49,30%,1,7,1,0,
03:39.0,219,19,49,30%,1,7,1,0,
03:40.0,220,3,49,90%,3,3,3,1,1
03:41.0,221,3,49,90%,3,3,3,1,
03:42.0,222,3,49,90%,3,3,3,1,
03:43.0,223,3,49,90%,3,3,3,1,
03:44.0,224,3,49,90%,3,3,3,1,
03:45.0,225,18.5,49,30%,1,7,1,0,1
03:46.0,226,18.5,49,30%,1,7,1,0,
03:47.0,227,18.5,49,30%,1,7,1,0,
03:48.0,228,18.5,49,30%,1,7,1,0,
03:49.0,229,18.5,49,30%,1,7,1,0,
03:50.0,230,18,49,30%,1,7,1,0,1
03:51.0,231,18,49,30%,1,7,1,0,
03:52.0,232,18,49,30%,1,7,1,0,
03:53.0,233,18,49,30%,1,7,1,0,
03:54.0,234,18,49,30%,1,7,1,0,
03:55.0,235,17.5,49,30%,1,7,1,0,1
03:56.0,236,17.5,49,30%,1,7,1,0,
03:57.0,237,17.5,49,30%,1,7,1,0,
03:58.0,238,17.5,49,30%,1,7,1,0,
03:59.0,239,17.5,49,30%,0,3,0,0,
04:00.0,240,17,49,30%,0,3,0,0,1
04:01.0,241,17,49,30%,3,3,3,0,1
04:02.0,242,17,49,30%,3,3,3,0,
04:03.0,243,17,49,30%,3,3,3,0,
04:04.0,244,17,49,30%,3,3,3,0,
04:05.0,245,16.5,49,30%,3,3,3,0,1
04:06.0,246,16.5,49,30%,3,3,3,0,
04:07.0,247,16.5,49,30%,3,3,3,0,
04:08.0,248,16.5,49,30%,3,3,3,0,
04:09.0,249,16.5,49,30%,3,3,3,0,
04:10.0,250,16,49,30%,3,3,3,0,1
04:11.0,251,16,49,30%,3,3,3,0,
04:12.0,252,16,49,30%,3,3,3,0,
04:13.0,253,3,49,90%,7,7,7,1,1
04:14.0,254,3,49,90%,7,7,7,1,
04:15.0,255,3,49,90%,7,7,7,1,
04:16.0,256,3,49,90%,7,7,7,1,
04:17.0,257,3,49,90%,7,7,7,1,
04:18.0,258,16,49,30%,3,3,3,0,1
04:19.0,259,16,49,30%,3,3,3,0,
04:20.0,260,15.5,49,30%,3,3,3,0,1
04:21.0,261,15.5,49,30%,3,3,3,0,
04:22.0,262,15.5,49,30%,3,3,3,0,
04:23.0,263,15.5,49,30%,3,3,3,0,
04:24.0,264,15.5,49,30%,3,3,3,0,
04:25.0,265,15,49,30%,3,3,3,0,1
04:26.0,266,15,49,30%,3,3,3,0,
04:27.0,267,15,49,30%,3,3,3,0,
04:28.0,268,15,49,30%,3,3,3,0,
04:29.0,269,15,49,30%,3,3,3,0,
04:30.0,270,14.5,49,30%,3,3,3,0,1
04:31.0,271,14.5,49,30%,3,3,3,0,
04:32.0,272,14.5,49,30%,3,3,3,0,
04:33.0,273,14.5,49,30%,3,3,3,0,
04:34.0,274,14.5,49,30%,3,3,3,0,
04:35.0,275,3,49,90%,7,7,7,1,1
04:36.0,276,3,49,90%,7,7,7,1,
04:37.0,277,3,49,90%,7,7,7,1,
04:38.0,278,3,49,90%,7,7,7,1,
04:39.0,279,14,49,30%,3,3,3,1,1
04:40.0,280,14,49,30%,3,3,3,1,
04:41.0,281,14,49,30%,3,3,3,0,1
04:42.0,282,14,49,30%,3,3,3,0,
04:43.0,283,14,49,30%,3,3,3,0,
04:44.0,284,14,49,30%,3,3,3,0,
04:45.0,285,13.5,49,30%,3,3,3,0,1
04:46.0,286,13.5,49,30%,3,3,3,0,
04:47.0,287,13.5,49,30%,3,3,3,0,
04:48.0,288,13.5,49,30%,3,3,3,0,
04:49.0,289,13.5,49,30%,3,3,3,0,
04:50.0,290,13,49,30%,3,3,3,0,1
04:51.0,291,13,49,30%,3,3,3,0,
04:52.0,292,13,49,30%,3,3,3,0,
04:53.0,293,13,49,30%,3,3,3,0,
04:54.0,294,13,49,30%,3,3,3,0,
04:55.0,295,12.5,49,30%,3,3,3,0,1
04:56.0,296,3,49,90%,7,7,7,1,1
04:57.0,297,3,49,90%,7,7,7,1,
04:58.0,298,3,49,90%,7,7,7,1,
04:59.0,299,3,49,90%,7,7,7,1,
05:00.0,300,12.5,49,30%,3,3,3,1,1
05:01.0,301,12.5,49,30%,3,3,3,1,
05:02.0,302,12.5,49,30%,3,3,3,0,1
05:03.0,303,12.5,49,30%,3,3,3,0,
05:04.0,304,12,49,30%,3,3,3,0,1
05:05.0,305,12,49,30%,3,3,3,0,
05:06.0,306,12,49,30%,3,3,3,0,
05:07.0,307,12,49,30%,3,3,3,0,
05:08.0,308,12,49,30%,3,3,3,0,
05:09.0,309,11.5,49,30%,3,3,3,0,1
05:10.0,310,11.5,49,30%,3,3,3,0,
05:11.0,311,11.5,49,30%,3,3,3,0,
05:12.0,312,11.5,49,30%,3,3,3,0,
05:13.0,313,11.5,49,30%,3,3,3,0,
05:14.0,314,11,49,30%,3,3,3,0,1
05:15.0,315,11,49,30%,3,3,3,0,
05:16.0,316,11,49,30%,3,3,3,0,
05:17.0,317,11,49,30%,3,3,3,0,
05:18.0,318,11,49,30%,3,3,3,0,
05:19.0,319,10.5,49,30%,3,3,3,0,1
05:20.0,320,10.5,49,30%,3,3,3,0,
05:21.0,321,10.5,49,30%,3,3,3,0,
05:22.0,322,10.5,49,30%,3,3,3,0,
05:23.0,323,10.5,49,30%,3,3,3,0,
05:24.0,324,10,49,30%,3,3,3,0,1
05:25.0,325,10,49,30%,3,3,3,0,
05:26.0,326,10,49,30%,3,3,3,0,
05:27.0,327,10,49,30%,3,3,3,0,
05:28.0,328,10,49,30%,3,3,3,0,
05:29.0,329,9.8,49,30%,3,3,3,0,1
05:30.0,330,9.8,49,30%,3,3,3,0,
05:31.0,331,9.6,49,30%,3,3,3,0,1
05:32.0,332,9.6,49,30%,3,3,3,0,
05:33.0,333,9.4,49,30%,3,3,3,0,1
05:34.0,334,9.4,49,30%,3,3,3,0,
05:35.0,335,9.2,49,30%,3,3,3,0,1
05:36.0,336,9.2,49,30%,3,3,3,0,
05:37.0,337,9,49,30%,3,3,3,0,1
05:38.0,338,9,49,30%,3,3,3,0,
05:39.0,339,8.8,49,30%,3,3,3,0,1
05:40.0,340,8.8,49,30%,3,3,3,0,
05:41.0,341,8.6,49,30%,3,3,3,0,1
05:42.0,342,8.6,49,30%,3,3,3,0,
05:43.0,343,8.4,49,30%,3,3,3,0,1
05:44.0,344,8.4,49,30%,3,3,3,0,
05:45.0,345,8.4,49,30%,3,3,3,0,
05:46.0,346,8.4,49,30%,3,3,3,0,
05:47.0,347,8.4,49,30%,3,3,3,0,
05:48.0,348,8.2,49,30%,3,3,3,0,1
05:49.0,349,8.2,49,30%,3,3,3,0,
05:50.0,350,8.2,49,30%,3,3,3,0,
05:51.0,351,8,49,30%,3,3,3,0,1
05:52.0,352,8,49,30%,3,3,3,0,
05:53.0,353,7.83,49,30%,3,3,3,0,1
05:54.0,354,7.83,49,30%,3,3,3,0,
05:55.0,355,7.83,49,30%,3,3,3,0,
05:56.0,356,7.83,49,30%,3,3,3,0,
05:57.0,357,7.83,49,30%,3,3,3,0,
05:58.0,358,7.83,49,30%,3,3,3,0,
05:59.0,359,7.83,49,30%,3,3,3,0,
06:00.0,360,7.83,49,30%,3,3,3,0,
06:01.0,361,7.83,49,30%,3,3,3,0,
06:02.0,362,7.83,49,30%,3,3,3,0,
06:03.0,363,7.83,49,30%,3,3,3,0,
06:04.0,364,7.83,49,30%,3,3,3,0,
06:05.0,365,7.83,49,30%,3,3,3,0,
06:06.0,366,7.83,49,30%,3,3,3,0,
06:07.0,367,7.83,49,30%,3,3,3,0,
06:08.0,368,7.83,49,30%,3,3,3,0,
06:09.0,369,7.83,49,30%,3,3,3,0,
06:10.0,370,7.83,49,30%,3,3,3,0,
06:11.0,371,7.83,49,30%,3,3,3,0,
06:12.0,372,7.83,49,30%,3,3,3,0,
06:13.0,373,7.83,49,30%,3,3,3,0,
06:14.0,374,7.83,49,30%,3,3,3,0,
06:15.0,375,7.83,49,30%,3,3,3,0,
06:16.0,376,7.83,49,30%,3,3,3,0,
06:17.0,377,7.83,49,30%,3,3,3,0,
06:18.0,378,7.83,49,30%,3,3,3,0,
06:19.0,379,7.83,49,30%,3,3,3,0,
06:20.0,380,7.83,49,30%,3,3,3,0,
06:21.0,381,7.83,49,30%,3,3,3,0,
06:22.0,382,7.83,49,30%,3,3,3,0,
06:23.0,383,7.83,49,30%,3,3,3,0,
06:24.0,384,7.83,49,30%,3,3,3,0,
06:25.0,385,7.83,49,30%,3,3,3,0,
06:26.0,386,7.83,49,30%,3,3,3,0,
06:27.0,387,7.83,49,30%,3,3,3,0,
06:28.0,388,7.83,49,30%,3,3,3,0,
06:29.0,389,7.83,49,30%,3,3,3,0,
06:30.0,390,7.83,49,30%,3,3,3,0,
06:31.0,391,7.83,49,30%,3,3,3,0,
06:32.0,392,7.83,49,30%,3,3,3,0,
06:33.0,393,7.83,49,30%,3,3,3,0,
06:34.0,394,7.83,49,30%,3,3,3,0,
06:35.0,395,7.83,49,30%,3,3,3,0,
06:36.0,396,7.83,49,30%,3,3,3,0,
06:37.0,397,7.83,49,30%,3,3,3,0,
06:38.0,398,7.83,49,30%,3,3,3,0,
06:39.0,399,7.83,49,30%,3,3,3,0,
06:40.0,400,7.83,49,30%,3,3,3,0,
06:41.0,401,7.83,49,30%,3,3,3,0,
06:42.0,402,7.83,49,30%,3,3,3,0,
06:43.0,403,7.83,49,30%,3,3,3,0,
06:44.0,404,7.83,49,30%,3,3,3,0,
06:45.0,405,7.83,49,30%,3,3,3,0,
06:46.0,406,7.83,49,30%,3,3,3,0,
06:47.0,407,7.83,49,30%,3,3,3,0,
06:48.0,408,7.83,49,30%,3,3,3,0,
06:49.0,409,7.83,49,30%,3,3,3,0,
06:50.0,410,7.83,49,30%,3,3,3,0,
06:51.0,411,7.83,49,30%,3,3,3,0,
06:52.0,412,7.83,49,30%,3,3,3,0,
06:53.0,413,7.83,49,30%,3,3,3,0,
06:54.0,414,7.83,49,30%,3,3,3,0,
06:55.0,415,7.83,49,30%,3,3,3,0,
06:56.0,416,7.83,49,30%,3,3,3,0,
06:57.0,417,7.83,49,30%,3,3,3,0,
06:58.0,418,7.83,49,30%,3,3,3,0,
06:59.0,419,7.83,49,30%,3,3,3,0,
07:00.0,420,7.83,49,30%,3,3,3,0,
07:01.0,421,7.83,49,30%,3,3,3,0,
07:02.0,422,7.83,49,30%,3,3,3,0,
07:03.0,423,7.83,49,30%,3,3,3,0,
07:04.0,424,7.83,49,30%,3,3,3,0,
07:05.0,425,7.83,49,30%,3,3,3,0,
07:06.0,426,7.83,49,30%,3,3,3,0,
07:07.0,427,7.83,49,30%,3,3,3,0,
07:08.0,428,7.83,49,30%,3,3,3,0,
07:09.0,429,7.83,49,30%,3,3,3,0,
07:10.0,430,7.83,49,30%,3,3,3,0,
07:11.0,431,7.83,49,30%,3,3,3,0,
07:12.0,432,7.83,49,30%,3,3,3,0,
07:13.0,433,7.83,49,30%,3,3,3,0,
07:14.0,434,7.83,49,30%,3,3,3,0,
07:15.0,435,7.83,49,30%,3,3,3,0,
07:16.0,436,7.83,49,30%,3,3,3,0,
07:17.0,437,7.83,49,30%,3,3,3,0,
07:18.0,438,7.83,49,30%,3,3,3,0,
07:19.0,439,7.83,49,30%,3,3,3,0,
07:20.0,440,7.83,49,30%,3,3,3,0,
07:21.0,441,7.83,49,30%,3,3,3,0,
07:22.0,442,7.83,49,30%,3,3,3,0,
07:23.0,443,7.83,49,30%,3,3,3,0,
07:24.0,444,7.83,49,30%,3,3,3,0,
07:25.0,445,7.83,49,30%,3,3,3,0,
07:26.0,446,7.83,49,30%,3,3,3,0,
07:27.0,447,7.83,49,30%,3,3,3,0,
07:28.0,448,7.83,49,30%,3,3,3,0,
07:29.0,449,7.83,49,30%,3,3,3,0,
07:30.0,450,7.83,49,30%,3,3,3,0,1
07:31.0,451,7.83,49,30%,3,3,3,0,
07:32.0,452,7.83,49,30%,3,3,3,0,
07:33.0,453,7.83,49,30%,3,3,3,0,
07:34.0,454,7.83,49,30%,3,3,3,0,
07:35.0,455,7.83,49,30%,3,3,3,0,
07:36.0,456,7.83,49,30%,3,3,3,0,
07:37.0,457,7.83,49,30%,3,3,3,0,
07:38.0,458,7.83,49,30%,3,3,3,0,
07:39.0,459,7.83,49,30%,3,3,3,0,
07:40.0,460,7.83,49,30%,3,3,3,0,
07:41.0,461,7.83,49,30%,3,3,3,0,
07:42.0,462,7.83,49,30%,3,3,3,0,
07:43.0,463,7.83,49,30%,3,3,3,0,
07:44.0,464,7.83,49,30%,3,3,3,0,
07:45.0,465,7.83,49,30%,3,3,3,0,
07:46.0,466,7.83,49,30%,3,3,3,0,
07:47.0,467,7.83,49,30%,3,3,3,0,
07:48.0,468,7.83,49,30%,3,3,3,0,
07:49.0,469,7.83,49,30%,3,3,3,0,
07:50.0,470,7.83,49,30%,3,3,3,0,
07:51.0,471,7.83,49,30%,3,3,3,0,
07:52.0,472,7.83,49,30%,3,3,3,0,
07:53.0,473,7.83,49,30%,3,3,3,0,
07:54.0,474,7.83,49,30%,3,3,3,0,
07:55.0,475,7.83,49,30%,3,3,3,0,
07:56.0,476,7.83,49,30%,3,3,3,0,
07:57.0,477,7.83,49,30%,3,3,3,0,
07:58.0,478,7.83,49,30%,3,3,3,0,
07:59.0,479,7.83,49,30%,3,3,3,0,
08:00.0,480,7.83,49,30%,3,3,3,0,
08:01.0,481,7.83,49,30%,3,3,3,0,
08:02.0,482,7.83,49,30%,3,3,3,0,
08:03.0,483,7.83,49,30%,3,3,3,0,
08:04.0,484,7.83,49,30%,3,3,3,0,
08:05.0,485,7.83,49,30%,3,3,3,0,
08:06.0,486,7.83,49,30%,3,3,3,0,
08:07.0,487,7.83,49,30%,3,3,3,0,
08:08.0,488,7.83,49,30%,3,3,3,0,
08:09.0,489,7.83,49,30%,3,3,3,0,
08:10.0,490,7.83,49,30%,3,3,3,0,
08:11.0,491,7.83,49,30%,3,3,3,0,
08:12.0,492,7.83,49,30%,3,3,3,0,
08:13.0,493,7.83,49,30%,3,3,3,0,
08:14.0,494,7.83,49,30%,3,3,3,0,
08:15.0,495,7.83,49,30%,3,3,3,0,
08:16.0,496,7.83,49,30%,3,3,3,0,
08:17.0,497,7.83,49,30%,3,3,3,0,
08:18.0,498,7.83,49,30%,3,3,3,0,
08:19.0,499,7.83,49,30%,3,3,3,0,
08:20.0,500,7.83,49,30%,3,3,3,0,
08:21.0,501,7.83,49,30%,3,3,3,0,
08:22.0,502,7.83,49,30%,3,3,3,0,
08:23.0,503,7.83,49,30%,3,3,3,0,
08:24.0,504,7.83,49,30%,3,3,3,0,
08:25.0,505,7.83,49,30%,3,3,3,0,
08:26.0,506,7.83,49,30%,3,3,3,0,
08:27.0,507,7.83,49,30%,3,3,3,0,
08:28.0,508,7.83,49,30%,3,3,3,0,
08:29.0,509,7.83,49,30%,3,3,3,0,
08:30.0,510,7.83,49,30%,3,3,3,0,1
08:31.0,511,7.83,49,30%,3,3,3,0,
08:32.0,512,7.83,49,30%,3,3,3,0,
08:33.0,513,7.83,49,30%,3,3,3,0,
08:34.0,514,7.83,49,30%,3,3,3,0,
08:35.0,515,7.83,49,30%,3,3,3,0,
08:36.0,516,7.83,49,30%,3,3,3,0,
08:37.0,517,7.83,49,30%,3,3,3,0,
08:38.0,518,7.83,49,30%,3,3,3,0,
08:39.0,519,7.83,49,30%,3,3,3,0,
08:40.0,520,7.83,49,30%,3,3,3,0,
08:41.0,521,7.83,49,30%,3,3,3,0,
08:42.0,522,7.83,49,30%,3,3,3,0,
08:43.0,523,7.83,49,30%,3,3,3,0,
08:44.0,524,7.83,49,30%,3,3,3,0,
08:45.0,525,7.83,49,30%,3,3,3,0,
08:46.0,526,7.83,49,30%,3,3,3,0,
08:47.0,527,7.83,49,30%,3,3,3,0,
08:48.0,528,7.83,49,30%,3,3,3,0,
08:49.0,529,7.83,49,30%,3,3,3,0,
08:50.0,530,7.83,49,30%,3,3,3,0,
08:51.0,531,7.83,49,30%,3,3,3,0,
08:52.0,532,7.83,49,30%,3,3,3,0,
08:53.0,533,7.83,49,30%,3,3,3,0,
08:54.0,534,7.83,49,30%,3,3,3,0,
08:55.0,535,7.83,49,30%,3,3,3,0,
08:56.0,536,7.83,49,30%,3,3,3,0,
08:57.0,537,7.83,49,30%,3,3,3,0,
08:58.0,538,7.83,49,30%,3,3,3,0,
08:59.0,539,7.83,49,30%,3,3,3,0,
09:00.0,540,7.83,49,30%,3,3,3,0,
09:01.0,541,7.83,49,30%,3,3,3,0,
09:02.0,542,7.83,49,30%,3,3,3,0,
09:03.0,543,7.83,49,30%,3,3,3,0,
09:04.0,544,7.83,49,30%,3,3,3,0,
09:05.0,545,7.83,49,30%,3,3,3,0,
09:06.0,546,7.83,49,30%,3,3,3,0,
09:07.0,547,7.83,49,30%,3,3,3,0,
09:08.0,548,7.83,49,30%,3,3,3,0,
09:09.0,549,7.83,49,30%,3,3,3,0,
09:10.0,550,7.83,49,30%,3,3,3,0,
09:11.0,551,7.83,49,30%,3,3,3,0,
09:12.0,552,7.83,49,30%,3,3,3,0,
09:13.0,553,7.83,49,30%,3,3,3,0,
09:14.0,554,7.83,49,30%,3,3,3,0,
09:15.0,555,7.83,49,30%,3,3,3,0,
09:16.0,556,7.83,49,30%,3,3,3,0,
09:17.0,557,7.83,49,30%,3,3,3,0,
09:18.0,558,7.83,49,30%,3,3,3,0,
09:19.0,559,7.83,49,30%,3,3,3,0,
09:20.0,560,7.83,49,30%,3,3,3,0,
09:21.0,561,7.83,49,30%,3,3,3,0,
09:22.0,562,7.83,49,30%,3,3,3,0,
09:23.0,563,7.83,49,30%,3,3,3,0,
09:24.0,564,7.83,49,30%,3,3,3,0,
09:25.0,565,7.83,49,30%,3,3,3,0,
09:26.0,566,7.83,49,30%,3,3,3,0,
09:27.0,567,7.83,49,30%,3,3,3,0,
09:28.0,568,7.83,49,30%,3,3,3,0,
09:29.0,569,7.83,49,30%,3,3,3,0,
09:30.0,570,7.83,49,30%,3,3,3,0,
09:31.0,571,7.83,49,30%,3,3,3,0,
09:32.0,572,7.83,49,30%,3,3,3,0,
09:33.0,573,7.83,49,30%,3,3,3,0,
09:34.0,574,7.83,49,30%,3,3,3,0,
09:35.0,575,7.83,49,30%,3,3,3,0,
09:36.0,576,7.83,49,30%,3,3,3,0,
09:37.0,577,7.83,49,30%,3,3,3,0,
09:38.0,578,7.83,49,30%,3,3,3,0,
09:39.0,579,7.83,49,30%,3,3,3,0,
09:40.0,580,7.83,49,30%,3,3,3,0,
09:41.0,581,7.83,49,30%,3,3,3,0,
09:42.0,582,7.83,49,30%,3,3,3,0,
09:43.0,583,7.83,49,30%,3,3,3,0,
09:44.0,584,7.83,49,30%,3,3,3,0,
09:45.0,585,7.83,49,30%,3,3,3,0,
09:46.0,586,7.83,49,30%,3,3,3,0,
09:47.0,587,7.83,49,30%,3,3,3,0,
09:48.0,588,7.83,49,30%,3,3,3,0,
09:49.0,589,7.83,49,30%,3,3,3,0,
09:50.0,590,7.83,49,30%,3,3,3,0,
09:51.0,591,7.83,49,30%,3,3,3,0,
09:52.0,592,7.83,49,30%,3,3,3,0,
09:53.0,593,7.83,49,30%,3,3,3,0,
09:54.0,594,7.83,49,30%,3,3,3,0,
09:55.0,595,7.83,49,30%,3,3,3,0,
09:56.0,596,7.83,49,30%,3,3,3,0,
09:57.0,597,7.83,49,30%,3,3,3,0,
09:58.0,598,7.83,49,30%,3,3,3,0,
09:59.0,599,7.83,49,30%,3,3,3,0,
10:00.0,600,7.83,49,30%,3,3,3,1,1
10:01.0,601,7.83,49,30%,3,3,3,1,
10:02.0,602,7.83,49,30%,3,3,3,1,
10:03.0,603,7.83,49,30%,3,3,3,1,
10:04.0,604,7.83,49,30%,3,3,3,1,
10:05.0,605,7.83,49,30%,3,3,3,1,
10:06.0,606,7.83,49,30%,3,3,3,1,
10:07.0,607,7.83,49,30%,3,3,3,1,
10:08.0,608,7.83,49,30%,3,3,3,1,
10:09.0,609,7.83,49,30%,3,3,3,1,
10:10.0,610,7.83,49,30%,3,3,3,1,
10:11.0,611,7.83,49,30%,3,3,3,1,
10:12.0,612,7.83,49,30%,3,3,3,1,
10:13.0,613,7.83,49,30%,3,3,3,1,
10:14.0,614,7.83,49,30%,3,3,3,1,
10:15.0,615,7.83,49,30%,3,3,3,0,1
10:16.0,616,7.83,49,30%,3,3,3,0,
10:17.0,617,7.83,49,30%,3,3,3,0,
10:18.0,618,7.83,49,30%,3,3,3,0,
10:19.0,619,7.83,49,30%,3,3,3,0,
10:20.0,620,7.83,49,30%,3,3,3,0,
10:21.0,621,7.83,49,30%,3,3,3,0,
10:22.0,622,7.83,49,30%,3,3,3,0,
10:23.0,623,7.83,49,30%,3,3,3,0,
10:24.0,624,7.83,49,30%,3,3,3,0,
10:25.0,625,7.83,49,30%,3,3,3,0,
10:26.0,626,7.83,49,30%,3,3,3,0,
10:27.0,627,7.83,49,30%,3,3,3,0,
10:28.0,628,7.83,49,30%,3,3,3,0,
10:29.0,629,7.83,49,30%,3,3,3,0,
10:30.0,630,7.83,49,30%,3,3,3,0,
10:31.0,631,7.83,49,30%,3,3,3,0,
10:32.0,632,7.83,49,30%,3,3,3,0,
10:33.0,633,7.83,49,30%,3,3,3,0,
10:34.0,634,7.83,49,30%,3,3,3,0,
10:35.0,635,7.83,49,30%,3,3,3,0,
10:36.0,636,7.83,49,30%,3,3,3,0,
10:37.0,637,7.83,49,30%,3,3,3,0,
10:38.0,638,7.83,49,30%,3,3,3,0,
10:39.0,639,7.83,49,30%,3,3,3,0,
10:40.0,640,7.83,49,30%,3,3,3,0,
10:41.0,641,7.83,49,30%,3,3,3,0,
10:42.0,642,7.83,49,30%,3,3,3,0,
10:43.0,643,7.83,49,30%,3,3,3,0,
10:44.0,644,7.83,49,30%,3,3,3,0,
10:45.0,645,7.83,49,30%,3,3,3,0,
10:46.0,646,7.83,49,30%,3,3,3,0,
10:47.0,647,7.83,49,30%,3,3,3,0,
10:48.0,648,7.83,49,30%,3,3,3,0,
10:49.0,649,7.83,49,30%,3,3,3,0,
10:50.0,650,7.83,49,30%,3,3,3,0,
10:51.0,651,7.83,49,30%,3,3,3,0,
10:52.0,652,7.83,49,30%,3,3,3,0,
10:53.0,653,7.83,49,30%,3,3,3,0,
10:54.0,654,7.83,49,30%,3,3,3,0,
10:55.0,655,7.83,49,30%,3,3,3,0,
10:56.0,656,7.83,49,30%,3,3,3,0,
10:57.0,657,7.83,49,30%,3,3,3,0,
10:58.0,658,7.83,49,30%,3,3,3,0,
10:59.0,659,7.83,49,30%,3,3,3,0,
11:00.0,660,7.83,49,30%,3,3,3,0,
11:01.0,661,7.83,49,30%,3,3,3,0,
11:02.0,662,7.83,49,30%,3,3,3,0,
11:03.0,663,7.83,49,30%,3,3,3,0,
11:04.0,664,7.83,49,30%,3,3,3,0,
11:05.0,665,7.83,49,30%,3,3,3,0,
11:06.0,666,7.83,49,30%,3,3,3,0,
11:07.0,667,7.83,49,30%,3,3,3,0,
11:08.0,668,7.83,49,30%,3,3,3,0,
11:09.0,669,7.83,49,30%,3,3,3,0,
11:10.0,670,7.83,49,30%,3,3,3,0,
11:11.0,671,7.83,49,30%,3,3,3,0,
11:12.0,672,7.83,49,30%,3,3,3,0,
11:13.0,673,7.83,49,30%,3,3,3,0,
11:14.0,674,7.83,49,30%,3,3,3,0,
11:15.0,675,7.83,49,30%,3,3,3,0,
11:16.0,676,7.83,49,30%,3,3,3,0,
11:17.0,677,7.83,49,30%,3,3,3,0,
11:18.0,678,7.83,49,30%,3,3,3,0,
11:19.0,679,7.83,49,30%,3,3,3,0,
11:20.0,680,7.83,49,30%,3,3,3,0,
11:21.0,681,7.83,49,30%,3,3,3,0,
11:22.0,682,7.83,49,30%,3,3,3,0,
11:23.0,683,7.83,49,30%,3,3,3,0,
11:24.0,684,7.83,49,30%,3,3,3,0,
11:25.0,685,7.83,49,30%,3,3,3,0,
11:26.0,686,7.83,49,30%,3,3,3,0,
11:27.0,687,7.83,49,30%,3,3,3,0,
11:28.0,688,7.83,49,30%,3,3,3,0,
11:29.0,689,7.83,49,30%,3,3,3,0,
11:30.0,690,7.83,49,30%,3,3,3,0,
11:31.0,691,7.83,49,30%,3,3,3,0,
11:32.0,692,7.83,49,30%,3,3,3,0,
11:33.0,693,7.83,49,30%,3,3,3,0,
11:34.0,694,7.83,49,30%,3,3,3,0,
11:35.0,695,7.83,49,30%,3,3,3,0,
11:36.0,696,7.83,49,30%,3,3,3,0,
11:37.0,697,7.83,49,30%,3,3,3,0,
11:38.0,698,7.83,49,30%,3,3,3,0,
11:39.0,699,7.83,49,30%,3,3,3,0,
11:40.0,700,7.83,49,30%,3,3,3,0,
11:41.0,701,7.83,49,30%,3,3,3,0,
11:42.0,702,7.83,49,30%,3,3,3,0,
11:43.0,703,7.83,49,30%,3,3,3,0,
11:44.0,704,7.83,49,30%,3,3,3,0,
11:45.0,705,7.83,49,30%,3,3,3,0,
11:46.0,706,7.83,49,30%,3,3,3,0,
11:47.0,707,7.83,49,30%,3,3,3,0,
11:48.0,708,7.83,49,30%,3,3,3,0,
11:49.0,709,7.83,49,30%,3,3,3,0,
11:50.0,710,7.83,49,30%,3,3,3,0,
11:51.0,711,7.83,49,30%,3,3,3,0,
11:52.0,712,7.83,49,30%,3,3,3,0,
11:53.0,713,7.83,49,30%,3,3,3,0,
11:54.0,714,7.83,49,30%,3,3,3,0,
11:55.0,715,7.83,49,30%,3,3,3,0,
11:56.0,716,7.83,49,30%,3,3,3,0,
11:57.0,717,7.83,49,30%,3,3,3,0,
11:58.0,718,7.83,49,30%,3,3,3,0,
11:59.0,719,7.83,49,30%,3,3,3,0,
12:00.0,720,7.83,49,30%,3,3,3,0,
12:01.0,721,7.83,49,30%,3,3,3,0,
12:02.0,722,7.83,49,30%,3,3,3,0,
12:03.0,723,7.83,49,30%,3,3,3,0,
12:04.0,724,7.83,49,30%,3,3,3,0,
12:05.0,725,7.83,49,30%,3,3,3,0,
12:06.0,726,7.83,49,30%,3,3,3,0,
12:07.0,727,7.83,49,30%,3,3,3,0,
12:08.0,728,7.83,49,30%,3,3,3,0,
12:09.0,729,7.83,49,30%,3,3,3,0,
12:10.0,730,7.83,49,30%,3,3,3,0,
12:11.0,731,7.83,49,30%,3,3,3,0,
12:12.0,732,7.83,49,30%,3,3,3,0,
12:13.0,733,7.83,49,30%,3,3,3,0,
12:14.0,734,7.83,49,30%,3,3,3,0,
12:15.0,735,7.83,49,30%,3,3,3,0,1
12:16.0,736,7.83,49,30%,3,3,3,0,
12:17.0,737,7.83,49,30%,3,3,3,0,
12:18.0,738,7.83,49,30%,3,3,3,0,
12:19.0,739,7.83,49,30%,3,3,3,0,
12:20.0,740,7.83,49,30%,3,3,3,0,
12:21.0,741,7.83,49,30%,3,3,3,0,
12:22.0,742,7.83,49,30%,3,3,3,0,
12:23.0,743,7.83,49,30%,3,3,3,0,
12:24.0,744,7.83,49,30%,3,3,3,0,
12:25.0,745,7.83,49,30%,3,3,3,0,
12:26.0,746,7.83,49,30%,3,3,3,0,
12:27.0,747,7.83,49,30%,3,3,3,0,
12:28.0,748,7.83,49,30%,3,3,3,0,
12:29.0,749,7.83,49,30%,3,3,3,0,
12:30.0,750,7.83,49,30%,3,3,3,0,
12:31.0,751,7.83,49,30%,3,3,3,0,
12:32.0,752,7.83,49,30%,3,3,3,0,
12:33.0,753,7.83,49,30%,3,3,3,0,
12:34.0,754,7.83,49,30%,3,3,3,0,
12:35.0,755,7.83,49,30%,3,3,3,0,
12:36.0,756,7.83,49,30%,3,3,3,0,
12:37.0,757,7.83,49,30%,3,3,3,0,
12:38.0,758,7.83,49,30%,3,3,3,0,
12:39.0,759,7.83,49,30%,3,3,3,0,
12:40.0,760,7.83,49,30%,3,3,3,0,
12:41.0,761,7.83,49,30%,3,3,3,0,
12:42.0,762,7.83,49,30%,3,3,3,0,
12:43.0,763,7.83,49,30%,3,3,3,0,
12:44.0,764,7.83,49,30%,3,3,3,0,
12:45.0,765,7.83,49,30%,3,3,3,0,
12:46.0,766,7.83,49,30%,3,3,3,0,
12:47.0,767,7.83,49,30%,3,3,3,0,
12:48.0,768,7.83,49,30%,3,3,3,0,
12:49.0,769,7.83,49,30%,3,3,3,0,
12:50.0,770,7.83,49,30%,3,3,3,0,
12:51.0,771,7.83,49,30%,3,3,3,0,
12:52.0,772,7.83,49,30%,3,3,3,0,
12:53.0,773,7.83,49,30%,3,3,3,0,
12:54.0,774,7.83,49,30%,3,3,3,0,
12:55.0,775,7.83,49,30%,3,3,3,0,
12:56.0,776,7.83,49,30%,3,3,3,0,
12:57.0,777,7.83,49,30%,3,3,3,0,
12:58.0,778,7.83,49,30%,3,3,3,0,
12:59.0,779,7.83,49,30%,3,3,3,0,
13:00.0,780,7.83,49,30%,3,3,3,0,
13:01.0,781,7.83,49,30%,3,3,3,0,
13:02.0,782,7.83,49,30%,3,3,3,0,
13:03.0,783,7.83,49,30%,3,3,3,0,
13:04.0,784,7.83,49,30%,3,3,3,0,
13:05.0,785,7.83,49,30%,3,3,3,0,
13:06.0,786,7.83,49,30%,3,3,3,0,
13:07.0,787,7.83,49,30%,3,3,3,0,
13:08.0,788,7.83,49,30%,3,3,3,0,
13:09.0,789,7.83,49,30%,3,3,3,0,
13:10.0,790,7.83,49,30%,3,3,3,0,
13:11.0,791,7.83,49,30%,3,3,3,0,
13:12.0,792,7.83,49,30%,3,3,3,0,
13:13.0,793,7.83,49,30%,3,3,3,0,
13:14.0,794,7.83,49,30%,3,3,3,0,
13:15.0,795,7.83,49,30%,3,3,3,0,
13:16.0,796,7.83,49,30%,3,3,3,0,
13:17.0,797,7.83,49,30%,3,3,3,0,
13:18.0,798,7.83,49,30%,3,3,3,0,
13:19.0,799,7.83,49,30%,3,3,3,0,
13:20.0,800,7.83,49,30%,3,3,3,0,
13:21.0,801,7.83,49,30%,3,3,3,0,
13:22.0,802,7.83,49,30%,3,3,3,0,
13:23.0,803,7.83,49,30%,3,3,3,0,
13:24.0,804,7.83,49,30%,3,3,3,0,
13:25.0,805,7.83,49,30%,3,3,3,0,
13:26.0,806,7.83,49,30%,3,3,3,0,
13:27.0,807,7.83,49,30%,3,3,3,0,
13:28.0,808,7.83,49,30%,3,3,3,0,
13:29.0,809,7.83,49,30%,3,3,3,0,
13:30.0,810,7.83,49,30%,3,3,3,0,
13:31.0,811,7.83,49,30%,3,3,3,0,
13:32.0,812,7.83,49,30%,3,3,3,0,
13:33.0,813,7.83,49,30%,3,3,3,0,
13:34.0,814,7.83,49,30%,3,3,3,0,
13:35.0,815,7.83,49,30%,3,3,3,0,
13:36.0,816,7.83,49,30%,3,3,3,0,
13:37.0,817,7.83,49,30%,3,3,3,0,
13:38.0,818,7.83,49,30%,3,3,3,0,
13:39.0,819,7.83,49,30%,3,3,3,0,
13:40.0,820,7.83,49,30%,3,3,3,0,
13:41.0,821,7.83,49,30%,3,3,3,0,
13:42.0,822,7.83,49,30%,3,3,3,0,
13:43.0,823,7.83,49,30%,3,3,3,0,
13:44.0,824,7.83,49,30%,3,3,3,0,
13:45.0,825,7.83,49,30%,3,3,3,0,
13:46.0,826,7.83,49,30%,3,3,3,0,
13:47.0,827,7.83,49,30%,3,3,3,0,
13:48.0,828,7.83,49,30%,3,3,3,0,
13:49.0,829,7.83,49,30%,3,3,3,0,
13:50.0,830,7.83,49,30%,3,3,3,0,
13:51.0,831,7.83,49,40%,3,3,3,0,1
13:52.0,832,7.83,49,40%,3,3,3,0,
13:53.0,833,7.83,49,40%,3,3,3,0,
13:54.0,834,7.83,49,40%,3,3,3,0,
13:55.0,835,7.83,49,40%,3,3,3,0,
13:56.0,836,7.83,49,40%,3,3,3,0,
13:57.0,837,7.83,49,40%,3,3,3,0,
13:58.0,838,7.83,49,40%,3,3,3,0,
13:59.0,839,7.83,49,40%,3,3,3,0,
14:00.0,840,7.83,49,40%,3,3,3,0,
14:01.0,841,7.83,49,40%,3,3,3,0,
14:02.0,842,7.83,49,40%,3,3,3,0,
14:03.0,843,7.83,49,40%,3,3,3,0,
14:04.0,844,7.83,49,40%,3,3,3,0,
14:05.0,845,7.83,49,50%,3,3,3,0,1
14:06.0,846,7.83,49,50%,3,3,3,0,
14:07.0,847,7.83,49,50%,3,3,3,0,
14:08.0,848,7.83,49,50%,3,3,3,0,
14:09.0,849,7.83,49,50%,3,3,3,0,
14:10.0,850,7.83,49,50%,3,3,3,0,
14:11.0,851,7.83,49,50%,3,3,3,0,
14:12.0,852,7.83,49,50%,3,3,3,0,
14:13.0,853,7.83,49,50%,3,3,3,0,
14:14.0,854,7.83,49,50%,3,3,3,0,
14:15.0,855,7.83,49,50%,3,3,3,0,
14:16.0,856,7.83,49,50%,3,3,3,0,
14:17.0,857,7.83,49,50%,3,3,3,0,
14:18.0,858,7.83,49,50%,3,3,3,0,
14:19.0,859,7.83,49,50%,3,3,3,0,
14:20.0,860,7.83,49,50%,3,3,3,0,
14:21.0,861,7.83,49,50%,3,3,3,0,
14:22.0,862,7.83,49,50%,3,3,3,0,
14:23.0,863,7.83,49,50%,3,3,3,0,
14:24.0,864,7.83,49,50%,3,3,3,0,
14:25.0,865,7.83,49,50%,3,3,3,0,
14:26.0,866,7.83,49,50%,3,3,3,0,
14:27.0,867,7.83,49,50%,3,3,3,0,
14:28.0,868,7.83,49,50%,3,3,3,0,
14:29.0,869,7.83,49,50%,3,3,3,0,
14:30.0,870,7.83,49,50%,3,3,3,0,
14:31.0,871,7.83,49,50%,3,3,3,0,
14:32.0,872,7.83,49,50%,3,3,3,0,
14:33.0,873,7.83,49,50%,3,3,3,0,
14:34.0,874,7.83,49,50%,3,3,3,0,
14:35.0,875,7.83,49,50%,3,3,3,0,
14:36.0,876,7.83,49,50%,3,3,3,0,
14:37.0,877,7.83,49,50%,3,3,3,0,
14:38.0,878,7.83,49,50%,3,3,3,0,
14:39.0,879,7.83,49,50%,3,3,3,0,
14:40.0,880,7.83,49,50%,3,3,3,0,
14:41.0,881,7.83,49,50%,3,3,3,0,
14:42.0,882,7.83,49,50%,3,3,3,0,
14:43.0,883,7.83,49,50%,3,3,3,0,
14:44.0,884,7.83,49,50%,3,3,3,0,
14:45.0,885,7.83,49,50%,3,3,3,0,
14:46.0,886,7.83,49,50%,3,3,3,0,
14:47.0,887,7.83,49,50%,3,3,3,0,
14:48.0,888,7.83,49,50%,3,3,3,0,
14:49.0,889,7.83,49,50%,3,3,3,0,
14:50.0,890,7.83,49,50%,3,3,3,0,
14:51.0,891,7.83,49,50%,3,3,3,0,
14:52.0,892,7.83,49,50%,3,3,3,0,
14:53.0,893,7.83,49,50%,3,3,3,0,
14:54.0,894,7.83,49,50%,3,3,3,0,
14:55.0,895,7.83,49,50%,3,3,3,0,
14:56.0,896,7.83,49,50%,3,3,3,0,
14:57.0,897,7.83,49,50%,3,3,3,0,
14:58.0,898,7.83,49,50%,3,3,3,0,
14:59.0,899,7.83,49,50%,3,3,3,0,
15:00.0,900,7.83,49,50%,3,3,3,1,1
15:01.0,901,7.83,49,50%,3,3,3,1,
15:02.0,902,7.83,49,50%,3,3,3,1,
15:03.0,903,7.83,49,50%,3,3,3,1,
15:04.0,904,7.83,49,50%,3,3,3,1,
15:05.0,905,7.83,49,50%,3,3,3,1,
15:06.0,906,7.83,49,50%,3,3,3,1,
15:07.0,907,7.83,49,50%,3,3,3,1,
15:08.0,908,7.83,49,50%,3,3,3,1,
15:09.0,909,7.83,49,50%,3,3,3,1,
15:10.0,910,7.83,49,50%,3,3,3,1,
15:11.0,911,7.83,49,50%,3,3,3,1,
15:12.0,912,7.83,49,50%,3,3,3,1,
15:13.0,913,7.83,49,50%,3,3,3,1,
15:14.0,914,7.83,49,40%,3,3,3,1,1
15:15.0,915,7.83,49,40%,3,3,3,0,1
15:16.0,916,7.83,49,40%,3,3,3,0,
15:17.0,917,7.83,49,40%,3,3,3,0,
15:18.0,918,7.83,49,40%,3,3,3,0,
15:19.0,919,7.83,49,40%,3,3,3,0,
15:20.0,920,7.83,49,40%,3,3,3,0,
15:21.0,921,7.83,49,40%,3,3,3,0,
15:22.0,922,7.83,49,40%,3,3,3,0,
15:23.0,923,7.83,49,40%,3,3,3,0,
15:24.0,924,7.83,49,40%,3,3,3,0,
15:25.0,925,7.83,49,40%,3,3,3,0,
15:26.0,926,7.83,49,40%,3,3,3,0,
15:27.0,927,7.83,49,40%,3,3,3,0,
15:28.0,928,7.83,49,40%,3,3,3,0,
15:29.0,929,7.83,49,40%,3,3,3,0,
15:30.0,930,7.83,49,40%,3,3,3,0,
15:31.0,931,7.83,49,40%,3,3,3,0,
15:32.0,932,7.83,49,40%,3,3,3,0,
15:33.0,933,7.83,49,40%,3,3,3,0,
15:34.0,934,7.83,49,40%,3,3,3,0,
15:35.0,935,7.83,49,40%,3,3,3,0,
15:36.0,936,7.83,49,40%,3,3,3,0,
15:37.0,937,7.83,49,40%,3,3,3,0,
15:38.0,938,7.83,49,40%,3,3,3,0,
15:39.0,939,7.83,49,40%,3,3,3,0,
15:40.0,940,7.83,49,40%,3,3,3,0,
15:41.0,941,7.83,49,40%,3,3,3,0,
15:42.0,942,7.83,49,40%,3,3,3,0,
15:43.0,943,7.83,49,40%,3,3,3,0,
15:44.0,944,7.83,49,40%,3,3,3,0,
15:45.0,945,7.83,49,40%,3,3,3,0,
15:46.0,946,7.83,49,40%,3,3,3,0,
15:47.0,947,7.83,49,40%,3,3,3,0,
15:48.0,948,7.83,49,40%,3,3,3,0,
15:49.0,949,7.83,49,40%,3,3,3,0,
15:50.0,950,7.83,49,40%,3,3,3,0,
15:51.0,951,7.83,49,40%,3,3,3,0,
15:52.0,952,7.83,49,40%,3,3,3,0,
15:53.0,953,7.83,49,40%,3,3,3,0,
15:54.0,954,7.83,49,40%,3,3,3,0,
15:55.0,955,7.83,49,40%,3,3,3,0,
15:56.0,956,7.83,49,40%,3,3,3,0,
15:57.0,957,7.83,49,40%,3,3,3,0,
15:58.0,958,7.83,49,40%,3,3,3,0,
15:59.0,959,7.83,49,40%,3,3,3,0,
16:00.0,960,7.83,49,40%,3,3,3,0,
16:01.0,961,7.83,49,40%,3,3,3,0,
16:02.0,962,7.83,49,40%,3,3,3,0,
16:03.0,963,7.83,49,40%,3,3,3,0,
16:04.0,964,7.83,49,40%,3,3,3,0,
16:05.0,965,7.83,49,40%,3,3,3,0,
16:06.0,966,7.83,49,40%,3,3,3,0,
16:07.0,967,7.83,49,40%,3,3,3,0,
16:08.0,968,7.83,49,40%,3,3,3,0,
16:09.0,969,7.83,49,40%,3,3,3,0,
16:10.0,970,7.83,49,40%,3,3,3,0,
16:11.0,971,7.83,49,40%,3,3,3,0,
16:12.0,972,7.83,49,40%,3,3,3,0,
16:13.0,973,7.83,49,40%,3,3,3,0,
16:14.0,974,7.83,49,40%,3,3,3,0,
16:15.0,975,7.83,49,40%,3,3,3,0,
16:16.0,976,7.83,49,40%,3,3,3,0,
16:17.0,977,7.83,49,40%,3,3,3,0,
16:18.0,978,7.83,49,40%,3,3,3,0,
16:19.0,979,7.83,49,40%,3,3,3,0,
16:20.0,980,7.83,49,40%,3,3,3,0,
16:21.0,981,7.83,49,40%,3,3,3,0,
16:22.0,982,7.83,49,40%,3,3,3,0,
16:23.0,983,7.83,49,40%,3,3,3,0,
16:24.0,984,7.83,49,40%,3,3,3,0,
16:25.0,985,7.83,49,40%,3,3,3,0,
16:26.0,986,7.83,49,30%,3,3,3,0,1
16:27.0,987,7.83,49,30%,3,3,3,0,
16:28.0,988,7.83,49,30%,3,3,3,0,
16:29.0,989,7.83,49,30%,3,3,3,0,
16:30.0,990,7.83,49,30%,3,3,3,0,
16:31.0,991,7.83,49,30%,3,3,3,0,
16:32.0,992,7.83,49,30%,3,3,3,0,
16:33.0,993,7.83,49,30%,3,3,3,0,
16:34.0,994,7.83,49,30%,3,3,3,0,
16:35.0,995,7.83,49,30%,3,3,3,0,
16:36.0,996,7.83,49,30%,3,3,3,0,
16:37.0,997,7.83,49,30%,3,3,3,0,
16:38.0,998,7.83,49,30%,3,3,3,0,
16:39.0,999,7.83,49,30%,3,3,3,0,
16:40.0,1000,7.83,49,30%,3,3,3,0,
16:41.0,1001,7.83,49,30%,3,3,3,0,
16:42.0,1002,7.83,49,30%,3,3,3,0,
16:43.0,1003,7.83,49,30%,3,3,3,0,
16:44.0,1004,7.83,49,30%,3,3,3,0,
16:45.0,1005,7.83,49,30%,3,3,3,0,
16:46.0,1006,7.83,49,30%,3,3,3,0,
16:47.0,1007,7.83,49,30%,3,3,3,0,
16:48.0,1008,7.83,49,30%,3,3,3,0,
16:49.0,1009,7.83,49,30%,3,3,3,0,
16:50.0,1010,7.83,49,30%,3,3,3,0,
16:51.0,1011,7.83,49,30%,3,3,3,0,
16:52.0,1012,7.83,49,30%,3,3,3,0,
16:53.0,1013,7.83,49,30%,3,3,3,0,
16:54.0,1014,7.83,49,30%,3,3,3,0,
16:55.0,1015,7.83,49,30%,3,3,3,0,
16:56.0,1016,7.83,49,30%,3,3,3,0,
16:57.0,1017,7.83,49,30%,3,3,3,0,
16:58.0,1018,7.83,49,30%,3,3,3,0,
16:59.0,1019,7.83,49,30%,3,3,3,0,
17:00.0,1020,7.83,49,30%,3,3,3,0,
17:01.0,1021,7.83,49,30%,3,3,3,0,
17:02.0,1022,7.83,49,30%,3,3,3,0,
17:03.0,1023,7.83,49,30%,3,3,3,0,
17:04.0,1024,7.83,49,30%,3,3,3,0,
17:05.0,1025,7.83,49,30%,3,3,3,0,
17:06.0,1026,7.83,49,30%,3,3,3,0,
17:07.0,1027,7.83,49,30%,3,3,3,0,
17:08.0,1028,7.83,49,30%,3,3,3,0,
17:09.0,1029,7.83,49,30%,3,3,3,0,
17:10.0,1030,7.83,49,30%,3,3,3,0,
17:11.0,1031,7.83,49,30%,3,3,3,0,
17:12.0,1032,7.83,49,30%,3,3,3,0,
17:13.0,1033,7.83,49,30%,3,3,3,0,
17:14.0,1034,7.83,49,30%,3,3,3,0,
17:15.0,1035,7.83,49,30%,3,3,3,0,
17:16.0,1036,7.83,49,30%,3,3,3,0,
17:17.0,1037,7.83,49,30%,3,3,3,0,
17:18.0,1038,7.83,49,30%,3,3,3,0,
17:19.0,1039,7.83,49,30%,3,3,3,0,
17:20.0,1040,7.83,49,30%,3,3,3,0,
17:21.0,1041,7.83,49,30%,3,3,3,0,
17:22.0,1042,7.83,49,30%,3,3,3,0,
17:23.0,1043,7.83,49,30%,3,3,3,0,
17:24.0,1044,7.83,49,30%,3,3,3,0,
17:25.0,1045,7.83,49,30%,3,3,3,0,
17:26.0,1046,7.83,49,30%,3,3,3,0,
17:27.0,1047,7.83,49,30%,3,3,3,0,
17:28.0,1048,7.83,49,30%,3,3,3,0,
17:29.0,1049,7.83,49,30%,3,3,3,0,
17:30.0,1050,7.83,49,30%,3,3,3,0,
17:31.0,1051,7.83,49,30%,3,3,3,0,
17:32.0,1052,7.83,49,30%,3,3,3,0,
17:33.0,1053,7.83,49,40%,3,3,3,0,1
17:34.0,1054,7.83,49,40%,3,3,3,0,
17:35.0,1055,7.83,49,40%,3,3,3,0,
17:36.0,1056,7.83,49,40%,3,3,3,0,
17:37.0,1057,7.83,49,40%,3,3,3,0,
17:38.0,1058,7.83,49,40%,3,3,3,0,
17:39.0,1059,7.83,49,40%,3,3,3,0,
17:40.0,1060,7.83,49,40%,3,3,3,0,
17:41.0,1061,7.83,49,40%,3,3,3,0,
17:42.0,1062,7.83,49,40%,3,3,3,0,
17:43.0,1063,7.83,49,40%,3,3,3,0,
17:44.0,1064,7.83,49,40%,3,3,3,0,
17:45.0,1065,7.83,49,40%,3,3,3,0,
17:46.0,1066,7.83,49,40%,3,3,3,0,
17:47.0,1067,7.83,49,40%,3,3,3,0,
17:48.0,1068,7.83,49,40%,3,3,3,0,
17:49.0,1069,7.83,49,40%,3,3,3,0,
17:50.0,1070,7.83,49,40%,3,3,3,0,
17:51.0,1071,7.83,49,40%,3,3,3,0,
17:52.0,1072,7.83,49,40%,3,3,3,0,
17:53.0,1073,7.83,49,40%,3,3,3,0,
17:54.0,1074,7.83,49,40%,3,3,3,0,
17:55.0,1075,7.83,49,40%,3,3,3,0,
17:56.0,1076,7.83,49,40%,3,3,3,0,
17:57.0,1077,7.83,49,40%,3,3,3,0,
17:58.0,1078,7.83,49,40%,3,3,3,0,
17:59.0,1079,7.83,49,40%,3,3,3,0,
18:00.0,1080,7.83,49,40%,3,3,3,0,
18:01.0,1081,7.83,49,40%,3,3,3,0,
18:02.0,1082,7.83,49,40%,3,3,3,0,
18:03.0,1083,7.83,49,40%,3,3,3,0,
18:04.0,1084,7.6,49,40%,3,3,3,0,1
18:05.0,1085,7.4,49,40%,3,3,3,0,1
18:06.0,1086,7.2,49,40%,3,3,3,0,1
18:07.0,1087,7,49,40%,3,3,3,0,1
18:08.0,1088,6.8,49,40%,3,3,3,0,1
18:09.0,1089,6.6,49,40%,3,3,3,0,1
18:10.0,1090,6.4,49,40%,3,3,3,0,1
18:11.0,1091,6.2,49,40%,3,3,3,0,1
18:12.0,1092,6,49,40%,3,3,3,0,1
18:13.0,1093,5.8,49,40%,3,3,3,0,1
18:14.0,1094,5.6,49,40%,3,3,3,0,1
18:15.0,1095,5.4,49,40%,3,3,3,0,1
18:16.0,1096,5.2,49,40%,3,3,3,0,1
18:17.0,1097,5,49,40%,3,3,3,0,1
18:18.0,1098,5,49,40%,3,3,3,0,
18:19.0,1099,5,49,40%,3,3,3,0,
18:20.0,1100,5,49,40%,3,3,3,0,
18:21.0,1101,5,49,40%,3,3,3,0,
18:22.0,1102,5,49,40%,3,3,3,0,
18:23.0,1103,5,49,40%,3,3,3,0,
18:24.0,1104,5,49,40%,3,3,3,0,
18:25.0,1105,5,49,40%,3,3,3,0,
18:26.0,1106,5,49,40%,3,3,3,0,
18:27.0,1107,5,49,40%,3,3,3,0,
18:28.0,1108,5,49,40%,3,3,3,0,
18:29.0,1109,5,49,40%,3,3,3,0,
18:30.0,1110,5,49,40%,3,3,3,0,
18:31.0,1111,5,49,40%,3,3,3,0,
18:32.0,1112,4.9,49,40%,3,3,3,0,1
18:33.0,1113,4.8,49,40%,3,3,3,0,1
18:34.0,1114,4.7,49,40%,3,3,3,0,1
18:35.0,1115,4.6,49,40%,3,3,3,0,1
18:36.0,1116,4.5,49,40%,3,3,3,0,1
18:37.0,1117,4.4,49,40%,3,3,3,0,1
18:38.0,1118,4.3,49,40%,3,3,3,0,1
18:39.0,1119,4.2,49,40%,3,3,3,0,1
18:40.0,1120,4.1,49,40%,3,3,3,0,1
18:41.0,1121,4,49,40%,3,3,3,0,1
18:42.0,1122,3.9,49,40%,3,3,3,0,1
18:43.0,1123,4,49,40%,3,3,3,0,1
18:44.0,1124,4.1,49,40%,3,3,3,0,1
18:45.0,1125,4.2,49,40%,3,3,3,0,1
18:46.0,1126,4.3,49,40%,3,3,3,0,1
18:47.0,1127,4.4,49,40%,3,3,3,0,1
18:48.0,1128,4.5,49,40%,3,3,3,0,1
18:49.0,1129,4.6,49,40%,3,3,3,0,1
18:50.0,1130,4.7,49,40%,3,3,3,0,1
18:51.0,1131,4.8,49,40%,3,3,3,0,1
18:52.0,1132,4.9,49,40%,3,3,3,0,1
18:53.0,1133,5,49,40%,3,3,3,0,1
18:54.0,1134,5.2,49,40%,3,3,3,0,1
18:55.0,1135,5.4,49,40%,3,3,3,0,1
18:56.0,1136,5.6,49,40%,3,3,3,0,1
18:57.0,1137,5.8,49,40%,3,3,3,0,1
18:58.0,1138,6,49,40%,3,3,3,0,1
18:59.0,1139,6.2,49,40%,3,3,3,0,1
19:00.0,1140,6.4,49,40%,3,3,3,0,1
19:01.0,1141,6.6,49,40%,3,3,3,0,1
19:02.0,1142,6.8,49,40%,3,3,3,0,1
19:03.0,1143,7,49,40%,3,3,3,0,1
19:04.0,1144,7.2,49,40%,3,3,3,0,1
19:05.0,1145,7.4,49,40%,3,3,3,0,1
19:06.0,1146,7.6,49,40%,3,3,3,0,1
19:07.0,1147,7.83,49,40%,3,3,3,0,1
19:08.0,1148,7.83,49,40%,3,3,3,0,
19:09.0,1149,7.83,49,40%,3,3,3,0,
19:10.0,1150,7.83,49,40%,3,3,3,0,
19:11.0,1151,7.83,49,40%,3,3,3,0,
19:12.0,1152,7.83,49,40%,3,3,3,0,
19:13.0,1153,7.83,49,40%,3,3,3,0,
19:14.0,1154,7.83,49,40%,3,3,3,0,
19:15.0,1155,7.83,49,40%,3,3,3,0,
19:16.0,1156,7.83,49,40%,3,3,3,0,
19:17.0,1157,7.83,49,40%,3,3,3,0,
19:18.0,1158,7.83,49,40%,3,3,3,0,
19:19.0,1159,7.83,49,40%,3,3,3,0,
19:20.0,1160,7.83,49,40%,3,3,3,0,
19:21.0,1161,7.83,49,40%,3,3,3,0,
19:22.0,1162,7.83,49,40%,3,3,3,0,
19:23.0,1163,7.83,49,40%,3,3,3,0,
19:24.0,1164,7.83,49,40%,3,3,3,0,
19:25.0,1165,7.83,49,40%,3,3,3,0,
19:26.0,1166,7.83,49,40%,3,3,3,0,
19:27.0,1167,7.83,49,40%,3,3,3,0,
19:28.0,1168,7.83,49,40%,3,3,3,0,
19:29.0,1169,7.83,49,40%,3,3,3,0,
19:30.0,1170,7.83,49,40%,3,3,3,0,
19:31.0,1171,7.83,49,40%,3,3,3,0,
19:32.0,1172,8,49,40%,3,3,3,0,1
19:33.0,1173,8,49,40%,3,3,3,0,
19:34.0,1174,8.2,49,40%,3,3,3,0,1
19:35.0,1175,8.2,49,40%,3,3,3,0,
19:36.0,1176,8.4,49,40%,3,3,3,0,1
19:37.0,1177,8.4,49,40%,3,3,3,0,
19:38.0,1178,8.6,49,40%,3,3,3,0,1
19:39.0,1179,8.6,49,40%,3,3,3,0,
19:40.0,1180,8.8,49,40%,3,3,3,0,1
19:41.0,1181,8.8,49,40%,3,3,3,0,
19:42.0,1182,9,49,40%,3,3,3,0,1
19:43.0,1183,9,49,40%,3,3,3,0,
19:44.0,1184,9.2,49,40%,3,3,3,0,1
19:45.0,1185,9.2,49,40%,3,3,3,0,
19:46.0,1186,9.4,49,40%,3,3,3,0,1
19:47.0,1187,9.4,49,40%,3,3,3,0,
19:48.0,1188,9.6,49,40%,3,3,3,0,1
19:49.0,1189,9.6,49,40%,3,3,3,0,
19:50.0,1190,9.8,49,40%,3,3,3,0,1
19:51.0,1191,9.8,49,40%,3,3,3,0,
19:52.0,1192,10,49,40%,3,3,3,0,1
19:53.0,1193,10,49,40%,3,3,3,0,
19:54.0,1194,10.5,49,40%,3,3,3,0,1
19:55.0,1195,10.5,49,40%,3,3,3,0,
19:56.0,1196,10.5,49,40%,3,3,3,0,
19:57.0,1197,10.5,49,40%,3,3,3,0,
19:58.0,1198,10.5,49,40%,3,3,3,0,
19:59.0,1199,11,49,40%,3,3,3,0,1
20:00.0,1200,11,49,40%,3,3,3,0,
20:01.0,1201,11,49,40%,3,3,3,0,
20:02.0,1202,11,49,40%,3,3,3,0,
20:03.0,1203,11,49,40%,3,3,3,0,
20:04.0,1204,11.5,49,40%,3,3,3,0,1
20:05.0,1205,11.5,49,40%,3,3,3,0,
20:06.0,1206,11.5,49,40%,3,3,3,0,
20:07.0,1207,11.5,49,40%,3,3,3,0,
20:08.0,1208,11.5,49,40%,3,3,3,0,
20:09.0,1209,12,49,40%,3,3,3,0,1
20:10.0,1210,12,49,40%,3,3,3,0,
20:11.0,1211,12,49,40%,3,3,3,0,
20:12.0,1212,12,49,40%,3,3,3,0,
20:13.0,1213,12,49,40%,3,3,3,0,
20:14.0,1214,12.5,49,40%,3,3,3,0,1
20:15.0,1215,12.5,49,40%,3,3,3,0,
20:16.0,1216,12.5,49,40%,3,3,3,0,
20:17.0,1217,12.5,49,40%,3,3,3,0,
20:18.0,1218,12.5,49,40%,3,3,3,0,
20:19.0,1219,13,49,40%,3,3,3,0,1
20:20.0,1220,13,49,40%,3,3,3,0,
20:21.0,1221,13,49,40%,3,3,3,0,
20:22.0,1222,13,49,40%,3,3,3,0,
20:23.0,1223,13,49,40%,3,3,3,0,
20:24.0,1224,13.5,49,40%,3,3,3,0,1
20:25.0,1225,13.5,49,40%,3,3,3,0,
20:26.0,1226,13.5,49,40%,3,3,3,0,
20:27.0,1227,13.5,49,40%,3,3,3,0,
20:28.0,1228,13.5,49,40%,3,3,3,0,
20:29.0,1229,14,49,40%,3,3,3,0,1
20:30.0,1230,14,49,40%,3,3,3,0,
20:31.0,1231,14,49,40%,3,3,3,0,
20:32.0,1232,14,49,40%,3,3,3,0,
20:33.0,1233,14,49,40%,3,3,3,0,
20:34.0,1234,14.5,49,40%,3,3,3,0,1
20:35.0,1235,14.5,49,40%,3,3,3,0,
20:36.0,1236,14.5,49,40%,3,3,3,0,
20:37.0,1237,14.5,49,40%,3,3,3,0,
20:38.0,1238,14.5,49,40%,3,3,3,0,
20:39.0,1239,15,49,40%,3,3,3,0,1
20:40.0,1240,15,49,40%,3,3,3,0,
20:41.0,1241,15,49,40%,3,3,3,0,
20:42.0,1242,15,49,40%,3,3,3,0,
20:43.0,1243,15,49,40%,3,3,3,0,
20:44.0,1244,15.5,49,40%,3,3,3,0,1
20:45.0,1245,15.5,49,40%,3,3,3,0,
20:46.0,1246,15.5,49,40%,3,3,3,0,
20:47.0,1247,15.5,49,40%,3,3,3,0,
20:48.0,1248,15.5,49,40%,3,3,3,0,
20:49.0,1249,16,49,40%,3,3,3,0,1
20:50.0,1250,16,49,40%,3,3,3,0,
20:51.0,1251,16,49,40%,3,3,3,0,
20:52.0,1252,16,49,40%,3,3,3,0,
20:53.0,1253,16,49,40%,3,3,3,0,
20:54.0,1254,16,49,40%,3,3,3,0,
20:55.0,1255,16,49,40%,3,3,3,0,
20:56.0,1256,16,49,40%,3,3,3,0,
20:57.0,1257,16,49,40%,3,3,3,0,
20:58.0,1258,16,49,40%,3,3,3,0,
20:59.0,1259,16,49,40%,3,3,3,0,
21:00.0,1260,16,49,40%,3,3,3,0,
21:01.0,1261,16,49,40%,3,3,3,0,
21:02.0,1262,16,49,40%,3,3,3,0,
21:03.0,1263,16,49,40%,3,3,3,0,
21:04.0,1264,16,49,40%,3,3,3,0,
21:05.0,1265,3,49,90%,7,0,0,1,1
21:06.0,1266,3,49,90%,1,1,7,1,1
21:07.0,1267,3,49,90%,7,0,0,1,1
21:08.0,1268,3,49,90%,1,1,7,1,1
21:09.0,1269,3,49,90%,7,0,0,1,1
21:10.0,1270,3,49,90%,1,1,7,1,1
21:11.0,1271,3,49,90%,7,0,0,1,1
21:12.0,1272,3,49,90%,1,1,7,1,1
21:13.0,1273,3,49,90%,7,0,0,1,1
21:14.0,1274,3,49,90%,1,1,7,1,1
21:15.0,1275,3,49,90%,7,0,0,1,1
21:16.0,1276,3,49,90%,1,1,7,1,1
21:17.0,1277,3,49,90%,7,0,0,1,1
21:18.0,1278,3,49,90%,1,1,7,1,1
21:19.0,1279,3,49,90%,7,0,0,1,1
21:20.0,1280,3,49,90%,1,1,7,1,1
21:21.0,1281,0,0,0%,0,0,0,0,1
21:22.0,1282,,,,,,,,
21:23.0,1283,,,,,,,,
21:24.0,1284,,,,,,,,
21:25.0,1285,,,,,,,,
21:26.0,1286,,,,,,,,
21:27.0,1287,,,,,,,,
21:28.0,1288,,,,,,,,
21:29.0,1289,,,,,,,,
21:30.0,1290,,,,,,,,
21:31.0,1291,,,,,,,,
21:32.0,1292,,,,,,,,
21:33.0,1293,,,,,,,,
21:34.0,1294,,,,,,,,
21:35.0,1295,,,,,,,,
21:36.0,1296,,,,,,,,
21:37.0,1297,,,,,,,,
21:38.0,1298,,,,,,,,
21:39.0,1299,,,,,,,,
21:40.0,1300,0,0,0%,0,0,0,0,1
21:41.0,1301,0,0,0%,0,0,0,0,1
21:42.0,1302,0,0,0%,0,0,0,0,1
